{
    "model": "SVM",
    "experiment": "fc_val",
    "accuracy": 0.6540697674418605,
    "sensitivity": 0.6902173913043478,
    "specificity": 0.6125,
    "precision": 0.671957671957672,
    "f1_score": 0.6809651474530831,
    "auc_roc": 0.7184103260869567,
    "confusion_matrix": {
        "TP": 127,
        "FP": 62,
        "TN": 98,
        "FN": 57
    }
}