{
    "model": "SVM",
    "experiment": "combined_anova_val",
    "accuracy": 0.6133720930232558,
    "sensitivity": 0.6793478260869565,
    "specificity": 0.5375,
    "precision": 0.628140703517588,
    "f1_score": 0.6527415143603134,
    "auc_roc": 0.6601562499999999,
    "confusion_matrix": {
        "TP": 125,
        "FP": 74,
        "TN": 86,
        "FN": 59
    }
}