{
    "model": "SVM",
    "experiment": "fc_anova_combat",
    "accuracy": 0.49709302325581395,
    "sensitivity": 0.625,
    "specificity": 0.35,
    "precision": 0.5251141552511416,
    "f1_score": 0.5707196029776674,
    "auc_roc": 0.5319633152173913,
    "confusion_matrix": {
        "TP": 115,
        "FP": 104,
        "TN": 56,
        "FN": 69
    }
}