{
    "model": "SVM",
    "experiment": "combined_val",
    "accuracy": 0.6511627906976745,
    "sensitivity": 0.75,
    "specificity": 0.5375,
    "precision": 0.6509433962264151,
    "f1_score": 0.696969696969697,
    "auc_roc": 0.709765625,
    "confusion_matrix": {
        "TP": 138,
        "FP": 74,
        "TN": 86,
        "FN": 46
    }
}