{
    "model": "SVM",
    "experiment": "combined_mrmr_combat",
    "accuracy": 0.5348837209302325,
    "sensitivity": 0.6032608695652174,
    "specificity": 0.45625,
    "precision": 0.5606060606060606,
    "f1_score": 0.581151832460733,
    "auc_roc": 0.5880434782608696,
    "confusion_matrix": {
        "TP": 111,
        "FP": 87,
        "TN": 73,
        "FN": 73
    }
}