{
    "model": "SVM",
    "experiment": "fc_anova_val",
    "accuracy": 0.6075581395348837,
    "sensitivity": 0.6630434782608695,
    "specificity": 0.54375,
    "precision": 0.6256410256410256,
    "f1_score": 0.6437994722955145,
    "auc_roc": 0.6521739130434783,
    "confusion_matrix": {
        "TP": 122,
        "FP": 73,
        "TN": 87,
        "FN": 62
    }
}