{
    "model": "SVM",
    "experiment": "combined_anova_combat",
    "accuracy": 0.5290697674418605,
    "sensitivity": 0.6847826086956522,
    "specificity": 0.35,
    "precision": 0.5478260869565217,
    "f1_score": 0.6086956521739131,
    "auc_roc": 0.5449728260869566,
    "confusion_matrix": {
        "TP": 126,
        "FP": 104,
        "TN": 56,
        "FN": 58
    }
}