{
    "model": "SVM",
    "experiment": "combined_anova_combat_val",
    "accuracy": 0.6075581395348837,
    "sensitivity": 0.6956521739130435,
    "specificity": 0.50625,
    "precision": 0.6183574879227053,
    "f1_score": 0.6547314578005116,
    "auc_roc": 0.6720108695652174,
    "confusion_matrix": {
        "TP": 128,
        "FP": 79,
        "TN": 81,
        "FN": 56
    }
}