{
    "model": "SVM",
    "experiment": "fc",
    "accuracy": 0.6046511627906976,
    "sensitivity": 0.6358695652173914,
    "specificity": 0.56875,
    "precision": 0.6290322580645161,
    "f1_score": 0.6324324324324324,
    "auc_roc": 0.6557404891304347,
    "confusion_matrix": {
        "TP": 117,
        "FP": 69,
        "TN": 91,
        "FN": 67
    }
}