{
    "model": "SVM",
    "experiment": "fc_combat_val",
    "accuracy": 0.6656976744186046,
    "sensitivity": 0.7282608695652174,
    "specificity": 0.59375,
    "precision": 0.6733668341708543,
    "f1_score": 0.6997389033942559,
    "auc_roc": 0.7316576086956521,
    "confusion_matrix": {
        "TP": 134,
        "FP": 65,
        "TN": 95,
        "FN": 50
    }
}