{
    "model": "SVM",
    "experiment": "fc_anova",
    "accuracy": 0.5174418604651163,
    "sensitivity": 0.6304347826086957,
    "specificity": 0.3875,
    "precision": 0.5420560747663551,
    "f1_score": 0.5829145728643216,
    "auc_roc": 0.557133152173913,
    "confusion_matrix": {
        "TP": 116,
        "FP": 98,
        "TN": 62,
        "FN": 68
    }
}