{
    "model": "SVM",
    "experiment": "combined_combat",
    "accuracy": 0.6656976744186046,
    "sensitivity": 0.7608695652173914,
    "specificity": 0.55625,
    "precision": 0.6635071090047393,
    "f1_score": 0.7088607594936709,
    "auc_roc": 0.719633152173913,
    "confusion_matrix": {
        "TP": 140,
        "FP": 71,
        "TN": 89,
        "FN": 44
    }
}