{
    "model": "SVM",
    "experiment": "combined_anova_combat",
    "accuracy": 0.5755813953488372,
    "sensitivity": 0.6630434782608695,
    "specificity": 0.475,
    "precision": 0.5922330097087378,
    "f1_score": 0.6256410256410256,
    "auc_roc": 0.5902173913043478,
    "confusion_matrix": {
        "TP": 122,
        "FP": 84,
        "TN": 76,
        "FN": 62
    }
}