{
    "model": "SVM",
    "experiment": "combined_mrmr_combat_val",
    "accuracy": 0.622093023255814,
    "sensitivity": 0.6739130434782609,
    "specificity": 0.5625,
    "precision": 0.6391752577319587,
    "f1_score": 0.656084656084656,
    "auc_roc": 0.6840692934782608,
    "confusion_matrix": {
        "TP": 124,
        "FP": 70,
        "TN": 90,
        "FN": 60
    }
}