{
    "model": "SVM",
    "experiment": "fc_anova",
    "accuracy": 0.5406976744186046,
    "sensitivity": 0.7010869565217391,
    "specificity": 0.35625,
    "precision": 0.5560344827586207,
    "f1_score": 0.6201923076923077,
    "auc_roc": 0.5716881793478261,
    "confusion_matrix": {
        "TP": 129,
        "FP": 103,
        "TN": 57,
        "FN": 55
    }
}