{
    "model": "SVM",
    "experiment": "alff",
    "accuracy": 0.5697674418604651,
    "sensitivity": 0.782608695652174,
    "specificity": 0.325,
    "precision": 0.5714285714285714,
    "f1_score": 0.6605504587155964,
    "auc_roc": 0.629381793478261,
    "confusion_matrix": {
        "TP": 144,
        "FP": 108,
        "TN": 52,
        "FN": 40
    }
}