{
    "model": "SVM",
    "experiment": "combined_anova_combat",
    "accuracy": 0.5,
    "sensitivity": 0.6304347826086957,
    "specificity": 0.35,
    "precision": 0.5272727272727272,
    "f1_score": 0.5742574257425742,
    "auc_roc": 0.5320991847826088,
    "confusion_matrix": {
        "TP": 116,
        "FP": 104,
        "TN": 56,
        "FN": 68
    }
}