{
    "model": "SVM",
    "experiment": "combined_anova",
    "accuracy": 0.5145348837209303,
    "sensitivity": 0.6304347826086957,
    "specificity": 0.38125,
    "precision": 0.5395348837209303,
    "f1_score": 0.581453634085213,
    "auc_roc": 0.5565896739130435,
    "confusion_matrix": {
        "TP": 116,
        "FP": 99,
        "TN": 61,
        "FN": 68
    }
}