{
    "model": "SVM",
    "experiment": "fc_anova",
    "accuracy": 0.5784883720930233,
    "sensitivity": 0.6684782608695652,
    "specificity": 0.475,
    "precision": 0.5942028985507246,
    "f1_score": 0.629156010230179,
    "auc_roc": 0.5875679347826087,
    "confusion_matrix": {
        "TP": 123,
        "FP": 84,
        "TN": 76,
        "FN": 61
    }
}