{
    "model": "RF",
    "experiment": "fc_anova_combat_val",
    "accuracy": 0.6133720930232558,
    "sensitivity": 0.657608695652174,
    "specificity": 0.5625,
    "precision": 0.6335078534031413,
    "f1_score": 0.6453333333333333,
    "auc_roc": 0.6798913043478261,
    "confusion_matrix": {
        "TP": 121,
        "FP": 70,
        "TN": 90,
        "FN": 63
    }
}