{
    "model": "RF",
    "experiment": "fc_anova_combat",
    "accuracy": 0.5,
    "sensitivity": 0.5597826086956522,
    "specificity": 0.43125,
    "precision": 0.5309278350515464,
    "f1_score": 0.544973544973545,
    "auc_roc": 0.5485054347826087,
    "confusion_matrix": {
        "TP": 103,
        "FP": 91,
        "TN": 69,
        "FN": 81
    }
}