{
    "model": "RF",
    "experiment": "combined_anova",
    "accuracy": 0.5319767441860465,
    "sensitivity": 0.657608695652174,
    "specificity": 0.3875,
    "precision": 0.5525114155251142,
    "f1_score": 0.6004962779156328,
    "auc_roc": 0.557133152173913,
    "confusion_matrix": {
        "TP": 121,
        "FP": 98,
        "TN": 62,
        "FN": 63
    }
}