{
    "model": "RF",
    "experiment": "alff_val",
    "accuracy": 0.5726744186046512,
    "sensitivity": 0.6032608695652174,
    "specificity": 0.5375,
    "precision": 0.6,
    "f1_score": 0.6016260162601627,
    "auc_roc": 0.6120584239130433,
    "confusion_matrix": {
        "TP": 111,
        "FP": 74,
        "TN": 86,
        "FN": 73
    }
}