{
    "model": "RF",
    "experiment": "alff_combat_val",
    "accuracy": 0.5697674418604651,
    "sensitivity": 0.6956521739130435,
    "specificity": 0.425,
    "precision": 0.5818181818181818,
    "f1_score": 0.6336633663366337,
    "auc_roc": 0.617663043478261,
    "confusion_matrix": {
        "TP": 128,
        "FP": 92,
        "TN": 68,
        "FN": 56
    }
}