{
    "model": "RF",
    "experiment": "combined_mrmr",
    "accuracy": 0.5465116279069767,
    "sensitivity": 0.6847826086956522,
    "specificity": 0.3875,
    "precision": 0.5625,
    "f1_score": 0.6176470588235294,
    "auc_roc": 0.5899796195652175,
    "confusion_matrix": {
        "TP": 126,
        "FP": 98,
        "TN": 62,
        "FN": 58
    }
}