{
    "model": "RF",
    "experiment": "fc_anova",
    "accuracy": 0.5552325581395349,
    "sensitivity": 0.6630434782608695,
    "specificity": 0.43125,
    "precision": 0.5727699530516432,
    "f1_score": 0.6146095717884131,
    "auc_roc": 0.5801120923913043,
    "confusion_matrix": {
        "TP": 122,
        "FP": 91,
        "TN": 69,
        "FN": 62
    }
}