{
    "model": "RF",
    "experiment": "fc",
    "accuracy": 0.6191860465116279,
    "sensitivity": 0.7554347826086957,
    "specificity": 0.4625,
    "precision": 0.6177777777777778,
    "f1_score": 0.6797066014669927,
    "auc_roc": 0.6827445652173914,
    "confusion_matrix": {
        "TP": 139,
        "FP": 86,
        "TN": 74,
        "FN": 45
    }
}