{
    "model": "RF",
    "experiment": "fc_anova_combat",
    "accuracy": 0.5174418604651163,
    "sensitivity": 0.5815217391304348,
    "specificity": 0.44375,
    "precision": 0.5459183673469388,
    "f1_score": 0.5631578947368421,
    "auc_roc": 0.562601902173913,
    "confusion_matrix": {
        "TP": 107,
        "FP": 89,
        "TN": 71,
        "FN": 77
    }
}