{
    "model": "RF",
    "experiment": "combined_anova_val",
    "accuracy": 0.6424418604651163,
    "sensitivity": 0.7119565217391305,
    "specificity": 0.5625,
    "precision": 0.6517412935323383,
    "f1_score": 0.6805194805194805,
    "auc_roc": 0.6748301630434783,
    "confusion_matrix": {
        "TP": 131,
        "FP": 70,
        "TN": 90,
        "FN": 53
    }
}