{
    "model": "RF",
    "experiment": "alff",
    "accuracy": 0.6046511627906976,
    "sensitivity": 0.717391304347826,
    "specificity": 0.475,
    "precision": 0.6111111111111112,
    "f1_score": 0.66,
    "auc_roc": 0.65,
    "confusion_matrix": {
        "TP": 132,
        "FP": 84,
        "TN": 76,
        "FN": 52
    }
}