{
    "model": "RF",
    "experiment": "combined_combat",
    "accuracy": 0.6511627906976745,
    "sensitivity": 0.842391304347826,
    "specificity": 0.43125,
    "precision": 0.6300813008130082,
    "f1_score": 0.7209302325581395,
    "auc_roc": 0.6841711956521739,
    "confusion_matrix": {
        "TP": 155,
        "FP": 91,
        "TN": 69,
        "FN": 29
    }
}