{
    "model": "RF",
    "experiment": "combined_anova_combat",
    "accuracy": 0.4941860465116279,
    "sensitivity": 0.6032608695652174,
    "specificity": 0.36875,
    "precision": 0.5235849056603774,
    "f1_score": 0.5606060606060606,
    "auc_roc": 0.5345108695652174,
    "confusion_matrix": {
        "TP": 111,
        "FP": 101,
        "TN": 59,
        "FN": 73
    }
}