{
    "model": "RF",
    "experiment": "fc_val",
    "accuracy": 0.6366279069767442,
    "sensitivity": 0.7608695652173914,
    "specificity": 0.49375,
    "precision": 0.6334841628959276,
    "f1_score": 0.691358024691358,
    "auc_roc": 0.6720108695652174,
    "confusion_matrix": {
        "TP": 140,
        "FP": 81,
        "TN": 79,
        "FN": 44
    }
}