{
    "model": "XGB",
    "experiment": "fc_mrmr",
    "accuracy": 0.5668604651162791,
    "sensitivity": 0.6195652173913043,
    "specificity": 0.50625,
    "precision": 0.5906735751295337,
    "f1_score": 0.6047745358090185,
    "auc_roc": 0.6008152173913044,
    "confusion_matrix": {
        "TP": 114,
        "FP": 79,
        "TN": 81,
        "FN": 70
    }
}