{
    "model": "XGB",
    "experiment": "combined_mrmr_combat",
    "accuracy": 0.5697674418604651,
    "sensitivity": 0.6195652173913043,
    "specificity": 0.5125,
    "precision": 0.59375,
    "f1_score": 0.6063829787234043,
    "auc_roc": 0.6043478260869565,
    "confusion_matrix": {
        "TP": 114,
        "FP": 78,
        "TN": 82,
        "FN": 70
    }
}