{
    "model": "XGB",
    "experiment": "combined_anova_val",
    "accuracy": 0.5988372093023255,
    "sensitivity": 0.6141304347826086,
    "specificity": 0.58125,
    "precision": 0.6277777777777778,
    "f1_score": 0.6208791208791209,
    "auc_roc": 0.6586277173913043,
    "confusion_matrix": {
        "TP": 113,
        "FP": 67,
        "TN": 93,
        "FN": 71
    }
}