{
    "model": "XGB",
    "experiment": "combined_mrmr",
    "accuracy": 0.5697674418604651,
    "sensitivity": 0.625,
    "specificity": 0.50625,
    "precision": 0.5927835051546392,
    "f1_score": 0.6084656084656085,
    "auc_roc": 0.5983016304347826,
    "confusion_matrix": {
        "TP": 115,
        "FP": 79,
        "TN": 81,
        "FN": 69
    }
}