{
    "model": "XGB",
    "experiment": "fc_val",
    "accuracy": 0.625,
    "sensitivity": 0.6956521739130435,
    "specificity": 0.54375,
    "precision": 0.6368159203980099,
    "f1_score": 0.6649350649350649,
    "auc_roc": 0.6688179347826086,
    "confusion_matrix": {
        "TP": 128,
        "FP": 73,
        "TN": 87,
        "FN": 56
    }
}